1,test01,123,小婷,0921123456,yatin921@gmail.com,2,1990-01-01,http://saudade.myasustor.com/JPjt/portrait/1.jpg,TRUE
2,testadimin,123,Ya,0983123456,yayaya@hotmail.com,2,1991-02-28,http://saudade.myasustor.com/JPjt/portrait/2.jpg,FALSE
3,yuanwang,123,小元,0932123456,yuanwang123@gmail.com,1,1992-01-23,http://saudade.myasustor.com/JPjt/portrait/3.jpg,TRUE
4,white1234,123,Jay,0918123456,white1234@yahoo.com.tw,1,1993-12-04,http://saudade.myasustor.com/JPjt/portrait/4.jpg,TRUE
5,weisworld,123,Wei,0926123456,weisworld@hotmail.com,1,1994-06-05,http://saudade.myasustor.com/JPjt/portrait/5.jpg,TRUE
6,ronc222,123,Ron,0952123456,ronc222@gmail.com,1,1995-04-07,http://saudade.myasustor.com/JPjt/portrait/6.jpg,TRUE
7,ting1234,123,Ting,0911123456,ting1234@gmail.com,2,1996-11-03,http://saudade.myasustor.com/JPjt/portrait/7.jpg,TRUE
8,fc,123,小秋,0963123456,fc@gmail.com,2,1997-05-07,http://saudade.myasustor.com/JPjt/portrait/8.jpg,TRUE
9,wang12,123,Smart,0989123456,wang12@gmail.com,1,1998-01-02,http://saudade.myasustor.com/JPjt/portrait/9.jpg,TRUE
10,anne,123,Anne,0915123456,anney@gmail.com,1,1999-02-02,http://saudade.myasustor.com/JPjt/portrait/10.gif,TRUE
11,c17,123,阿昌,0915654321,cl711@gmail.com,1,1980-07-11,http://saudade.myasustor.com/JPjt/portrait/11.jpg,TRUE
12,lc1,123,lcy,0989654321,lc1234567@gmail.com,1,1981-03-30,http://saudade.myasustor.com/JPjt/portrait/12.jpg,FALSE
13,csw,123,小欣,0963654321,csw@gmail.com,2,1982-04-15,http://saudade.myasustor.com/JPjt/portrait/13.jpg,FALSE
14,tmao,123,Tmao,0911654321,tmaoc789@gmail.com,1,1983-05-29,http://saudade.myasustor.com/JPjt/portrait/14.jpg,FALSE
15,hsin,123,hsin,0952654321,hsinc@gmail.com,2,1984-06-07,http://saudade.myasustor.com/JPjt/portrait/15.jpg,FALSE
16,mo,123,money,0926654321,moneyc926654321@gmail.com,1,1985-10-25,http://saudade.myasustor.com/JPjt/portrait/16.jpg,FALSE
17,hor,123,萬馬,0918654321,horse1000@gmail.com,1,1986-09-09,http://saudade.myasustor.com/JPjt/portrait/17.jpg,FALSE
18,jst,123,小本,0932654321,j0988@gmail.com,2,1987-04-08,http://saudade.myasustor.com/JPjt/portrait/18.png,FALSE
19,ray,123,阿展,0983654321,raycharles8@gmail.com,1,1988-08-01,http://saudade.myasustor.com/JPjt/portrait/19.jpg,FALSE
20,jade,123,小玉,0921654321,jade.su@gmail.com,2,1989-06-06,http://saudade.myasustor.com/JPjt/portrait/20.gif,FALSE
